Município- Nome da Estação;Estado;Latitude;Longitude;Altitude_m;CÓD;TIPO;JAN;FEV;MAR;ABR;MAI;JUN;JUL;AGO;SET;OUT;NOV;DEZ;ANO;VER;OUTO;INV;PRI
Aimores- Aimores-MG;MG;-19,49;-41,08;80;;Conve.;171,1;76,5;114,7;56,4;34,3;13,4;11,9;19;30,3;78,4;180,6;204,4;991,1;452;205,4;44,3;289,3
Alfredo Chaves;ES;-20,63;-40,73;16;;Conve.;169,9;90,4;164;150;80,3;52,8;76,6;71,7;113,1;152,2;232,3;225,8;1579,1;486,1;394,3;201,1;497,6
Alfredo Chaves- Cafundó;ES;-20,62;-40,78;140;;Conve.;189,4;97,2;214,8;139,1;91,9;57,9;81,9;84,3;114,7;146,9;285,4;271,3;1774,7;557,8;445,8;224;547,1
Aracruz;ES;-19,82;-40,25;0;;Conve.;204;98,7;173,4;104,4;54,3;32,4;54,1;58,1;79,6;119;225,4;273,4;1476,8;576,1;332,1;144,6;424
Boa Esperança;ES;-18,53;-40,29;150;;Conve.;131,4;77,2;133;89,7;39,3;34,9;39,5;38,6;37,4;75,5;216,6;175,3;1088,3;383,9;262;113;329,5
Cachoeiro do Itapemrim;ES;-20,83;-41,19;50;;Conve.;150;87,5;132,2;97,4;44,1;21,8;32,8;40,3;46,2;95,8;182,6;200,3;1131;437,8;273,7;94,9;324,6
Cachoeiro do Itapemrim- Fazenda Experimental do Bananal do Norte;ES;-20,75;-41,23;50;;Conve.;178,2;102,5;151,2;92,9;47,9;27,3;26,8;32,4;60,2;93,3;195,2;227,9;1235,7;508,7;291,9;86,5;348,7
Campos-RJ;RJ;-21,74;-41,33;70;;Conve.;125,1;60,1;106;68,3;57,5;29,9;33;28,2;57,3;82,9;154,2;152,4;954,7;337,6;231,7;91;294,4
Caparaó-MG;MG;-20,53;-41,91;140;;Conve.;208,4;142;165,5;77,9;41,2;15,6;11,7;22,8;41,6;101,2;208,7;263,3;1300,2;613,8;284,6;50,2;351,6
Domingos Martins - Aracê;ES;-20,38;-41,05;950;;Conve.;221,5;116,3;182,1;103,2;46,7;19,3;21,9;29,8;47,2;117,2;220,7;264,9;1390,9;602,7;332,1;71;385,1
Ecoporanga;ES;-18,37;-40,83;250;;Conve.;189,2;119,3;162,4;89,5;41,8;33,2;42,3;46,5;49,7;113,9;225,1;242,7;1355,5;551,1;293,7;122;388,7
Itaperuna;ES;-21,2;-41,9;124;;Conve.;181,7;106,4;145,4;77,5;42,2;21,6;17;21;59,5;87;195,9;227,3;1182,5;515,4;265,1;59,6;342,4
Itarana;ES;-19,87;-40,88;245;;Conve.;181,7;99,2;132,8;69,5;34;19,8;18,1;20,3;32,4;96,7;195,9;223,8;1123,9;504,7;236,2;58,1;324,9
Linhares;ES;-19,41;-40,07;28;;Conve.;147,6;98,7;131,3;94;52,5;44,3;50,1;48,4;65,3;106,5;216,2;204,6;1259,7;451;277,9;142,8;388
Marilândia;ES;-19,4;-40,52;140;;Conve.;171,4;96,3;145,9;73,5;35,6;33;30,7;36;36,2;92,1;180,2;210,7;1141,4;478,3;255;99,6;308,5
Mucurici;ES;-18,1;-40,52;226;;Conve.;124,6;82,3;103,6;65,6;31;19,4;33,9;25,1;37;86,2;154,3;164,5;927,5;371,3;200,2;78,4;277,6
Muniz Freire;ES;-20,47;-41,42;575;;Conve.;188,7;129,5;183,7;112,4;50,3;22,7;21;29,2;49,8;107,8;200,1;251,6;1346,6;569,7;346,4;72,9;357,7
Santa Maria de Jetibá;ES;-20,01;-40,49;140;;Conve.;150,1;67,6;147,9;79,9;42,7;23,2;34,2;35,2;52,5;94,5;192,9;232,1;1152,6;449,7;270,5;92,5;339,9
Santa Teresa;ES;-19,93;-40,58;648;;Conve.;231,7;113,4;163;85,2;47,2;35,3;49,5;57,8;65,2;105,6;219,7;227,7;1401,4;572,8;295,5;142,6;390,5
Santa Teresa- São João do Petrópolis;ES;-19,87;-40,65;174;;Conve.;188,8;100,1;143,2;61,2;31,8;22,3;19,2;22,4;33,8;92,5;167,8;180,7;1063,6;469,6;236,2;63,8;294
São Gabriel da Palha;ES;-19,01;-40,54;120;;Conve.;206,6;101,2;133,1;69,8;33,2;24,6;31,5;32,2;39,3;81,1;185,2;230,9;1168,8;538,8;236,1;88,3;305,6
São Mateus;ES;-18,7;-39,83;25;;Conve.;150,6;93,7;150,2;114,2;59,8;55,8;65,7;53;81,5;114,1;192,2;182,3;1313;426,6;324,1;174,5;387,8
Sooretama- Fazenda Experimental de Sooretama;ES;-19,11;-40,08;75;;Conve.;135,1;67,7;154,5;91,8;53,5;49,7;49,2;46,3;61,9;97,9;241,4;210,8;1259,8;413,6;299,8;145,3;401,2
Venda Nova do Imigrante;ES;-20,32;-41,17;750;;Conve.;253,6;130,2;176,9;116,1;53,9;30,6;36;40;71,8;115,5;215;254,6;1494,1;638,4;346,9;106,5;402,2
Viana;ES;-20,37;-40,51;20;;Conve.;162,2;105,6;194,3;112;66,8;64;61,7;77,5;88,9;135,2;240,5;229;1537,7;496,8;373,1;203,2;464,7
Vitória;ES;-20,3;-40,32;36;;Conve.;152;88,2;118,4;109;64,5;54,9;67,9;61,8;74,5;121,8;212,8;220,4;1346,3;460,6;292;184,6;409,1
Afonso Claudio- Afonso Claudio Montante;ES;-20,08;-41,12;300;2041023;Pluv.;197,3;102,9;136,7;65,2;37,5;19,8;17,1;21;32,2;79,3;190,5;221,6;1121,1;521,8;239,4;57,9;302
Afonso Claudio- Laranja da terra;ES;-19,9;-41,06;250;1941008;Pluv.;165,2;99,1;119,3;57,7;36,5;20,2;15,1;15,5;26,4;81,6;162,5;210,6;1009,7;474,9;213,6;50,8;270,4
Água Doce do Norte- Água Doce;ES;-18,55;-40,98;280;1840007;Pluv.;169,8;115,4;145,2;75,3;39,8;29;34;35;33,7;84;190;216;1167;501,2;260,2;97,9;307,7
Águia Branca- Águia Branca;ES;-18,99;-40,75;180;1840000;Pluv.;176,3;123,7;143,5;82,3;36,5;30,5;33,3;37,3;38,9;84,5;184,4;225,8;1196,8;525,8;262,2;101,1;307,7
Alegre- Alegre;ES;-20,77;-41,47;138;2041049;Pluv.;204;115,3;136,7;136,7;59,7;22,6;21,8;20,4;50;104,2;181,4;219,5;1272,1;538,8;333;64,8;335,6
Alegre- Ibitirama;ES;-20,54;-41,67;794;2041016;Pluv.;244,9;144,4;218;118,2;72;27,7;29,1;34,3;70,1;126,5;252,3;282,6;1620,1;671,9;408,2;91,1;449
Alegre- PCH Jusante;ES;-20,76;-41,52;190;2041057;Pluv.;200,6;111;207;107;58,4;37,6;19;36,2;49,5;75,5;165,3;267,6;1334,5;579,1;372,3;92,7;290,3
Alegre- Rive;ES;-20,75;-41,47;127;2041003;Pluv.;190,1;112,7;160,7;111,5;58,4;28,5;27,1;33,9;60,3;103,7;210,2;240,3;1337,2;543,1;330,5;89,4;374,2
Alfredo Chaves- Matilde DNOS;ES;-20,56;-40,81;515;2040011;Pluv.;188,4;116,1;202,3;145,5;100;68;75,4;73,6;96,5;134,1;247,3;251,5;1698,5;555,9;447,8;216,9;477,9
Alfredo Chaves- Pluviômetro;ES;-20,63;-40,75;35;2040042;Pluv.;194;89,7;185,2;159,4;85,5;40;71,6;82,9;107,3;149,2;204,4;220,2;1589,3;503,9;430;194,5;460,9
Alfredo Chaves- Vila Nova Maravilha;ES;-20,59;-40,95;980;2040020;Pluv.;226,5;162,7;215,1;150,7;121;92,4;93,2;92,2;120,5;169,6;264,1;294,5;2002,5;683,7;486,8;277,8;554,2
Aracruz- Aracruz 2;ES;-19,82;-40,25;65;1940042;Pluv.;135,4;82,7;173;114,4;52,6;36,5;62,4;47,4;93,2;118,3;234,4;236,3;1386,6;454,4;340;146,2;445,9
Aracruz- Aracruz1;ES;-19,83;-40,27;58;1940021;Pluv.;157,8;93,2;143,5;143,5;56,3;46;53,3;51,4;63,7;110,2;213,1;218;1350;469;343,3;150,7;387
Aracruz- Jacubemba;ES;-19,59;-40,2;50;1940022;Pluv.;142,5;100;134,2;82,2;50,9;45,3;42,3;48,1;50,3;106,3;195,2;189;1186,3;431,5;267,3;135,7;351,8
Aracruz- Riacho;ES;-19,75;-40,04;5;1940003;Pluv.;129,9;80,7;115,8;105,3;73;61,6;60,6;51,6;65,3;107,6;188,3;182,4;1222;393;294;173,8;361,2
Aracruz- Santa Cruz Litoral;ES;-19,96;-40,15;5;1940002;Pluv.;132,3;86,5;119,3;94,2;82,9;52,8;62,3;48,6;53,7;101,6;193,6;178,5;1206,3;397,3;296,4;163,7;348,9
Ataleia-MG;MG;-18,05;-41,11;69;1841008;Pluv.;158,5;118,1;132,3;73,9;37,4;27,3;28,7;28,9;28,7;87,3;179,6;183,4;1084,1;460;243,6;84,9;295,7
Baixo Guandu;ES;-19,53;-41,02;70;1941003;Pluv.;135,9;77;96,8;43,1;32,4;15,3;13;15,5;21,9;67,3;157,1;185,9;861,2;398,8;172,4;43,7;246,3
Baixo Guandu- Ibituba;ES;-19,69;-41,02;160;1941009;Pluv.;133,1;79,1;101,5;46,1;32,1;14,2;11,6;14,5;26,8;66,6;158,1;183,3;867;395,5;179,6;40,3;251,5
Baixo Guandu- UHE Mascarenhas Rio Guandu;ES;-19,53;-41,01;74;1941023;Pluv.;126,3;75,6;95,2;43,2;33,9;19,6;19,9;16,3;17;63,3;144,8;151,9;806,8;353,8;172,2;55,7;225,1
Barra de São Francisco;ES;-18,76;-40,89;192;1840004;Pluv.;167,9;107,5;119,5;61,5;32,3;21,5;24,7;27,2;33,6;77;178,4;208,7;1059,9;484,1;213,3;73,4;289
Barra de São Francisco- Barra do Rio Preto;ES;-18,69;-40,88;192;1840021;Pluv.;136;171,9;166,8;81,4;130,6;40,4;30,8;18,4;25,8;45,2;40,2;86,2;973,6;394,1;378,7;89,6;111,2
Barra de São Francisco- Santo Agostinho;ES;-18,41;-41,04;500;1841010;Pluv.;167,4;114,9;126,4;76,1;40,7;28,6;29,6;31,5;33,2;90;181,1;209,5;1128,9;491,8;243,2;89,6;304,3
Boa Esperança- Fazenda Alegria;ES;-18,52;-40,32;180;1840002;Pluv.;197,9;101,3;117,4;57,1;38,3;29,6;28,8;41,9;38,1;100,1;126;173,1;1049,5;472,3;212,7;100,3;264,1
Cachoeiro de Itapemerim- Cachoeira Burarama;ES;-20,68;-41,35;180;2041021;Pluv.;235,8;143,5;207,3;137,6;69,8;40,6;37,4;42,9;74,3;122,2;259,2;287,7;1658,4;667,1;414,8;120,9;455,6
Cariacica- Duas Bocas;ES;-20,26;-40,48;200;2040014;Pluv.;166,7;114,4;159,4;107,2;75,9;57,1;61,8;60,3;86,9;127,9;209,1;238,7;1465,5;519,8;342,5;179,2;424
Carlos Chagas-MG;MG;-17,71;-40,76;146;1740000;Pluv.;136,7;87,2;108;72,9;42,2;26,8;30,4;25,6;29,6;85,5;158,9;171,3;975,1;395,2;223,1;82,7;274,1
Castelo;ES;-20,61;-41,2;107;2041002;Pluv.;174,7;113,9;162,4;109,9;57,6;31,1;27,2;32,7;53,5;99,7;195,8;204,2;1262,8;492,7;330;91,1;349
Castelo- PCH São João Jusante;ES;-20,53;-41,24;100;2041055;Pluv.;183,9;129,1;170;130,4;77,5;42,1;32,7;30,7;31,2;101,7;197,1;256;1382,2;569;377,8;105,4;329,9
Central Minas-MG;MG;-18,76;-41,31;86;1841018;Pluv.;154,3;77,9;99,1;48,4;26,6;17,5;18,4;17,8;23,1;69,3;161,1;175,9;889,3;408;174,1;53,7;253,5
Colatina- Corpo de Bombeiros;ES;-19,53;-40,62;40;1940006;Pluv.;153,5;87,2;117,2;52,3;37,9;25,2;24,1;26,9;34,6;84,7;173;188,2;1004,8;428,9;207,4;76,2;292,2
Colatina- EHE Mascarenhas Barramento;ES;-19,51;-40,86;71;1940047;Pluv.;126;79,6;120,5;50,9;49,8;28;22,6;19,6;20,9;90,1;134,7;192,5;935,2;398,1;221,2;70,2;245,7
Colatina- Marilândia;ES;-19,55;-40,52;85;1940044;Pluv.;90,6;72,8;113,5;53,8;39,4;54,3;72,2;80,2;55,1;105,9;151,4;132;1021,3;295,5;206,8;206,7;312,3
Conceição Barra- PCH Vicosa Jusante;ES;-18,56;-39,75;3;1839001;Pluv.;100,6;71;113,5;111;65,5;59,6;71,4;68,7;70,6;106,2;181,3;146,7;1166;318,2;290;199,7;358,1
Conceição Castelo- PCH Vicosa Jusante;ES;-20,41;-41,27;426;2041056;Pluv.;165,4;149,7;195,9;133;66,9;37,4;30,6;29,4;50;102,4;205,3;257,9;1423,7;572,9;395,8;97,3;357,6
Conceição do Castelo-DNOS;ES;-20,35;-41,24;600;2041011;Pluv.;192,2;135,1;170,4;108,4;55,6;28,7;28,7;34;57,3;113,8;212,8;221,3;1358,1;548,6;334,3;91,3;383,9
Divino Laranjeiras-MG;MG;-18,78;-41,48;535;1841019;Pluv.;155,7;82,2;108,9;40;27,6;16;10,2;15,6;24,1;62,3;174,2;195,4;912,3;433,3;176,6;41,8;260,6
Domingos Martins;ES;-20,36;-40,66;452;2040000;Pluv.;189,5;99,9;181;141,8;70,6;52,7;83,4;81,6;116,5;143,7;225,9;207;1593,7;496,4;393,4;217,7;486,1
Domingos Martins- Aracê;ES;-20,37;-41,06;1057;2041020;Pluv.;211,6;124,7;168,9;94,2;50,3;27,4;22,5;28,5;45,3;102,3;206,4;260,1;1342,1;596,4;313,3;78,4;354
Domingos Martins- Marechal Floriano;ES;-20,41;-40,68;544;2040012;Pluv.;192,6;119,7;189;125,1;82,2;55,6;65;72,1;85;115,3;235,1;220,8;1557,7;533,2;396,3;192,7;435,5
Domingos Martins- PCH Jucu Jusante;ES;-20,39;-40,56;51;2040046;Pluv.;211,8;118,2;246,5;126,4;73,5;71,2;62,9;71,1;43,4;123;270,3;234,9;1653,2;564,9;446,4;205,2;436,7
Domingos Martins- Perobinha;ES;-20,28;-40,79;640;2040015;Pluv.;166;101,9;151,5;93,2;51,2;33,8;34,2;40,8;53,8;97;181,3;197,2;1201,9;465,2;295,9;108,8;332,1
Dores do Rio Preto;ES;-20,69;-41,85;772;2041014;Pluv.;216,1;137,5;186,4;102,2;58,2;27,8;22,5;30,3;60,3;118,2;218,5;266,6;1444,5;620,2;346,8;80,6;397
Ecoporanga;ES;-18,37;-40,84;300;1840013;Pluv.;173,3;134,9;148,2;90,3;44,8;36,2;41,3;42,9;45,5;107;203,7;226,5;1294,7;534,7;283,3;120,4;356,2
Ecoporanga- Fazenda São Mateus;ES;-18,12;-40,89;190;1840009;Pluv.;145,9;105,7;114,9;71,9;36,1;36,1;27,4;29,3;29,3;88,6;169;175;1029,2;426,7;222,9;92,8;286,8
Ecoporanga- Patrimônio Santa Luzia do Norte;ES;-18,21;-40,6;400;1840015;Pluv.;153,1;96,2;116,4;116,4;77,7;30;31,1;37;36,9;87,2;165,1;176,3;1123,7;425,7;310,6;98,2;289,3
Ecoporanga- Pluviômetro INMET;ES;-18,37;-40,87;300;1840023;Pluv.;211,6;111,5;149,9;77,1;41;38,8;36,1;45,8;56;126,4;208,3;214,5;1317,1;537,6;268;120,8;390,7
Fundão;ES;-19,94;-40,4;50;1940007;Pluv.;176,3;130,5;161,1;111,1;69,5;53,7;55,9;66,4;72;127,3;231,3;230,5;1485,6;537,3;341,8;175,9;430,6
Gov. Lindenberg- Novo Brasil;ES;-19,24;-40,59;170;1940013;Pluv.;172,4;105;124,1;57,3;31,9;27,3;27,3;30;36,7;85,7;185,7;222,3;1105,8;499,8;213,3;84,6;308,1
Gov. Lindenberg- Serraria Alto do Moacir;ES;-19,3;-40,52;250;1940025;Pluv.;203,8;107;147,1;65,1;32,8;28;29,4;40,1;48;94,8;211,9;245,7;1253,6;556,5;245;97,5;354,6
Guaçuí;ES;-20,77;-41,68;576;2041001;Pluv.;237,1;138,3;196,8;110,2;53,8;25;21,5;32,6;60,3;107,3;239,9;271,2;1494,1;646,7;360,8;79,1;407,5
Guarapari;ES;-20,65;-40,51;6;2040004;Pluv.;132;71,4;112,4;114,1;96,4;63,3;67,1;66;87,7;108,1;187,6;166,3;1272,4;369,6;323;196,4;383,3
Iconha- Duas Barras;ES;-20,73;-40,88;252;2040017;Pluv.;192,4;115,5;173;144,1;79;64,5;68,1;65,9;88,7;123,9;235,8;230,5;1581,3;538,4;396,1;198,4;448,4
Iconha- Montante;ES;-20,78;-40,83;25;2040005;Pluv.;161,9;98,1;155,2;139,3;99,6;65,4;65,4;64,4;108,4;134,6;241,1;220,4;1553,8;480,5;394;195,3;484,1
Itaguaçu- Itambé;ES;-19,66;-40,84;70;1940012;Pluv.;161,2;104,7;126,8;63,8;35,3;21,7;17,1;20,8;31;85;180,4;215,7;1063,3;481,6;225,9;59,5;296,3
Itapemirim- Barra de Itapemerim;ES;-21,01;-40,84;4;2140000;Pluv.;111,3;58,3;92,5;78,7;63;39,9;42,9;47,3;67,6;90,9;161,9;145,3;999,5;314,9;234,2;130,1;320,4
Itapemirim- Usina de Paineiras;ES;-20,95;-40,95;40;2040006;Pluv.;134,3;66,9;116,4;98,9;66,4;43,2;41,6;37,1;66,4;92,5;170,5;171,6;1105,9;372,8;281,7;121,9;329,4
Itaperuna-RJ;RJ;-21,21;-41,89;110;2141004;Pluv.;150,9;102,6;131,5;67,1;44,9;22;19,7;19,5;59,2;77,3;179,1;201,8;1075,5;455,2;243,5;61,3;315,6
Itarana- Pluviômetro;ES;-19,87;-40,87;165;1940000;Pluv.;170,1;100,3;125,7;64,3;36,6;22,2;16,2;18,7;30,5;85,2;185,9;216,4;1072,2;486,8;226,6;57,1;301,7
Iuna;ES;-20,35;-41,54;615;2041013;Pluv.;208,8;115,3;154,9;74,7;43,5;19,2;13,3;18,3;46,3;88;179,8;230,2;1192,4;554,3;273,2;50,8;314,2
Iuna- Santa Cruz do Caparaó;ES;-20,32;-41,7;920;2041017;Pluv.;268,1;137;169,6;93,2;49,3;21,1;16,8;23,6;23,6;118,6;228,6;316,2;1465,6;721,3;312,1;61,5;370,8
João Neiva- Cavalinho;ES;-19,69;-40,4;50;1940005;Pluv.;180,1;121;140,7;83,4;48,8;41,5;44,2;49,2;58,3;122;209,3;210,6;1309;511,6;272,9;134,9;389,5
Linhares- Extação Experimental;ES;-19,4;-40,07;40;1940036;Pluv.;124,2;67,1;153,7;73,2;55,7;46,4;51,6;51,8;54,6;112,8;192,3;224,8;1208,2;416,1;282,6;149,7;359,7
Linhares- Ponte Nova (BR 101);ES;-18,98;-39,99;60;1840008;Pluv.;162,2;94,3;123,3;92;51;43,1;53,2;54,9;57,5;112,8;204,4;200,1;1248,9;456,6;266,3;151,2;374,7
Linhares- Povoação;ES;-19,58;-39,79;3;1939002;Pluv.;116,1;79,7;120;114,6;91;70,9;71,7;54;56,2;99,5;189;153,9;1216,5;349,7;325,6;196,6;344,7
Manhuacu_ Dores do Manhumirim-MG;MG;-20,11;-41,73;458;2041008;Pluv.;225,8;121,2;130;70,5;40;15,3;11,1;17;40,8;83,9;185,1;258,2;1198,9;605,2;240,6;43,4;309,8
Mantenopolis;ES;-18,84;-41,11;900;1841009;Pluv.;156;89,6;107,6;57,6;28,9;15,6;18,2;17,2;29,2;62,8;177,4;190,5;950,6;436,1;194,1;51;269,4
Mimoso do Sul;ES;-21,06;-41,36;67;2141015;Pluv.;181,4;98,2;160;104,9;58,6;38,1;33,4;41,8;63,1;91,3;214,8;239,7;1325,2;519,3;323,5;113,3;369,2
Mimoso do Sul- Ponte do Itabapoana;ES;-21,21;-41,46;59;2141014;Pluv.;175,6;85,9;129,4;71,9;45,7;35,4;23,9;28,7;51,2;72,1;168,9;185,2;1074;446,7;247;88;292,3
Mimoso do Sul- São João das Torres;ES;-21,07;-41,24;120;2141017;Pluv.;169,8;100,1;163,9;126,2;65,5;43,7;44;44,3;77,2;106;231,7;219,7;1392,2;489,7;355,6;132;414,9
Minas Gerais- Caiana;ES;-20,69;-41,92;747;2041005;Pluv.;190,4;131,1;185,6;104,2;52,2;22,9;19,5;25,5;56,7;103,5;208,8;237;1337,3;558,5;342;67,9;369
Montanha- Fazendo Limoeiro;ES;-18,15;-40,14;96;1840012;Pluv.;151;92,4;112,7;82,7;46,4;39,9;46,7;40,1;46;82,3;160,3;153,1;1053,5;396,5;241,8;126,6;288,6
Mucurici- Pluviômetro;ES;-18,08;-40,58;290;1840006;Pluv.;202,2;101;106,3;67,5;38;30,6;37,9;39,2;41,9;109,1;155,7;190,1;1119,6;493,3;211,9;107,7;306,7
Muniz Freire- Itaici;ES;-20,53;-41,51;380;2041019;Pluv.;205;132,4;177;112,2;51,3;23,3;23,5;28,8;53,3;101,7;199,6;248,7;1356,9;586,1;340,6;75,6;354,6
Muniz Freire- Pluviômetro 2;ES;-20,47;-41,4;530;2041050;Pluv.;217,4;115,6;180,4;106,6;46,3;22,9;20,1;38,5;52;116;190,6;230,9;1337,4;563,9;333,3;81,6;358,5
Muniz Freire- Usina Fortaleza;ES;-20,37;-41,41;580;2041018;Pluv.;191,2;131;192,6;100,7;53,4;24,6;24;30,8;51;105,9;209,5;248,3;1363,1;570,5;346,8;79,4;366,4
Muqui- Fazenda Monte Alegre;ES;-20,94;-41,4;450;2041015;Pluv.;183,6;111,5;161,9;114,6;58,8;34,6;33,4;37,5;65,7;102,2;209,5;217,6;1330,9;512,8;335,3;105,4;377,4
Mutum-MG;MG;-19,81;-41,44;59;1941019;Pluv.;166,3;89,5;121,5;59,9;34,5;15,3;10,4;15,8;41,8;83;178,5;251,3;1067,9;507,2;216;41,6;303,2
Nanuque-MG;MG;-17,84;-40,38;92;1740001;Pluv.;121,2;97,6;104,3;75,4;39,4;27,8;32,4;25,7;30,7;66,3;145,9;144,7;911,3;363,4;219,1;85,8;242,9
Nova Venécia- Cedrolândia;ES;-18,81;-40,69;300;1840010;Pluv.;163,6;111,2;128,3;70,7;36,1;27,3;28,9;36,6;39,6;86,5;184;220,4;1133,2;495,2;235,2;92,8;310,1
Nova Venécia- Córrego Boa Esperança;ES;-18,7;-40,44;80;1840019;Pluv.;165,9;157,3;90;115,7;61,2;34,2;28,1;28,7;32,9;44,5;85,4;158,6;1002,6;481,8;266,9;91;162,9
Nova Venécia- Patrimônio XV;ES;-18,49;-40,46;96;1840016;Pluv.;160,4;104,2;117,7;72,7;40,6;33,1;29,3;35,7;31;83,1;153,2;182,2;1043,3;446,9;231;98,1;267,3
Nova vicosa-helvecia;BA;-17,81;-39,66;59;1739006;Pluv.;119,8;97,6;131,5;123,3;94,7;87,2;80,7;56,4;69,2;123,6;173,7;150,6;1308,3;368;349,5;224,3;366,5
Pancas;ES;-19,22;-40,85;135;1940009;Pluv.;193,5;117,2;134,9;68,7;37,8;28,7;31,3;30,7;38,5;82,8;170,6;216,2;1151;526,9;241,5;90,7;291,9
Pancas- Alto Rio Novo;ES;-19,06;-41,03;500;1941012;Pluv.;124,7;81;99,6;49,9;31,8;19,3;20,2;21,8;32,4;63,8;149,9;172,8;867,1;378,5;181,2;61,3;246,1
Pedro Canario- Morro Danta;ES;-18,3;-39,96;66;1839000;Pluv.;135,2;73,9;112,8;88,8;45,4;46,7;51,6;45,1;51,2;90,7;144,7;147,4;1033,6;356,6;247;143,4;286,7
Pinheiros- São João do Sobrado;ES;-18,32;-40,41;100;1840017;Pluv.;155;87,3;115,6;72,3;43;30,7;35,2;37,1;37,9;79,1;166,1;158;1017,2;400,3;231;102,9;283,1
Pocrane- Assari-MG;MG;-19,59;-41,46;172;1941006;Pluv.;190,5;97,5;135,2;62,9;36,7;15,9;12,4;17,1;36,3;70,6;185,6;231,4;1091,9;519,4;234,9;45,3;292,4
Rio Bananal;ES;-19,27;-40,32;95;1940023;Pluv.;179,4;104,1;139,9;76,1;76,1;35,3;36,3;42,1;44,2;101,3;188,4;195,1;1218,4;478,7;292,1;113,7;333,9
Rio Novo do Sul;ES;-20,88;-40,94;80;2040013;Pluv.;164,2;77,9;125;134;80,4;46,2;55,8;52,1;99,7;126,1;212,6;207;1380,9;449,1;339,4;154,1;438,3
Santa Leopoldina;ES;-20,1;-40,53;160;2040010;Pluv.;183,5;119,3;170;108,4;70,8;54,8;55,9;65,3;83,9;118;227,2;220;1477;522,7;349,1;176,1;429
Santa Leopoldina-  Cachoeira Suíça;ES;-20,08;-40,61;405;2040018;Pluv.;172,6;106;155,7;100,5;67,6;47,2;63,3;69,2;69,6;104,4;223,2;199,1;1378,5;477,8;323,9;179,7;397,2
Santa Leopoldina- Garrafão;ES;-20,14;-40,98;940;2040008;Pluv.;187,1;110,5;146,1;77,4;51,9;25;25,8;25,2;41,4;99,4;189,2;234,2;1213,2;531,8;275,4;76,1;330
Santa Leopoldina- UHE Suíça Jusante;ES;-20,1;-40,52;18;2040049;Pluv.;118,3;120,8;123,9;95,3;67;66,6;50,9;62,1;53,2;63,7;193,3;152,7;1167,7;391,7;286,2;179,7;310,2
Santa Maria do Jetibá- Pluviômetro;ES;-20,03;-40,74;710;2040007;Pluv.;166,3;105,8;145,6;85,6;58,6;33;31,7;34,6;45,5;98,2;187,3;224,7;1216,9;496,7;289,8;99,3;331,1
Santa Teresa- Caldeirão;ES;-19,96;-40,74;750;1940020;Pluv.;168,8;104,2;117,9;70,9;42,8;24,3;28,4;25,6;37,3;84,2;185;234,5;1123,9;507,5;231,6;78,3;306,5
Santa Teresa- São João do Petrópolis;ES;-19,81;-40,68;149;1940001;Pluv.;170,3;98,8;124,4;54,9;30,8;23,6;19,6;19,5;30,7;87,7;166,1;192,1;1018,4;461,2;210,1;62,7;284,4
Santa Teresa- Vulsugana Velha Montante;ES;-19,95;-40,55;180;1940010;Pluv.;222,4;137,7;181,5;130,9;86,7;75,1;93,1;104,9;116,4;150;279,5;248,9;1827,1;609;399;273,1;545,9
São Gabriel da Palha- Pluviômetro;ES;-19,06;-40,52;70;1940016;Pluv.;173,3;109,3;132,1;66,9;34,2;28,6;27,7;34,5;37,9;88,3;186,6;200,6;1120,1;483,3;233,1;90,9;312,9
São João Barra São Francisco Paula Cacimbas-RJ;RJ;-21,48;-41,1;15;2141001;Pluv.;103,7;59,5;92,6;74;47,7;28,4;26,9;30,4;60,6;73;140,9;135,3;873,2;298,5;214,3;85,7;274,6
São Jose Divino-MG;MG;-18,49;-41,39;103;1841021;Pluv.;140,4;86,7;101;46,5;29,2;11,3;12,1;9,6;24,1;67,1;158,1;181,6;867,7;408,7;176,7;33;249,4
São Jose dos Calcados;ES;-21,02;-41,66;150;2141016;Pluv.;198,8;115,8;167,9;90,6;51,1;26,6;20,3;23,8;54,1;76,5;184,6;246,8;1257;561,5;309,6;70,8;315,1
São Mateus- Barra Nova;ES;-18,95;-39,76;6;1839006;Pluv.;155,1;118;78,1;112,3;98,3;67,8;53,6;68,3;50,7;75,1;113,9;177,7;1168,8;450,8;288,7;189,7;239,6
São Mateus- Boca da vala;ES;-18,66;-40,09;13;1840026;Pluv.;88,2;81,3;107,9;77,4;36,4;42,1;33;38,9;36,9;68,7;164,2;141,8;916,9;311,3;221,7;114;269,8
São Mateus- Itauninhas;ES;-18,49;-40,09;90;1840003;Pluv.;125,9;83,1;128,9;83,3;41,9;44,2;43,4;43,4;44,5;83,1;166,1;157,4;1045;366,3;254,1;130,9;293,7
Serra- Fazenda da Fonte Limpa;ES;-20,19;-40,32;70;2040003;Pluv.;150,9;101,2;130,6;100,9;100,9;61,3;72,5;65,7;84,3;121,2;203,2;188,5;1381,1;440,6;332,4;199,5;408,6
Vargem Alta- Jacigua;ES;-20,7;-41,02;580;2041010;Pluv.;185,1;125,8;172;146,6;83,7;51,7;62,6;56,2;81,7;109,9;229,6;244,4;1549,2;555,3;402,2;170,5;421,2
Vargem Grande- Mantena-MG;MG;-18,68;-41,2;360;1841006;Pluv.;156,7;87,2;114,6;50,7;24,6;17,5;21,1;17,6;27,2;66;157,2;179,5;919,9;423,4;190;56,1;250,4
Varre Sai-RJ;RJ;-20,93;-41,87;688;2041046;Pluv.;211,7;133,9;171,5;99,9;55,7;26,9;25,4;29,6;52,7;93,6;212,7;263,2;1376,9;608,8;327,1;81,9;359
Venda Nova- Pluviômetro;ES;-20,32;-41,17;750;2041051;Pluv.;219,1;125,5;187;113,5;53,4;26,7;35,8;37,9;59,1;107;176,9;219;1360,9;563,5;353,9;100,4;343
Viana- Canaã;ES;-20,38;-40,45;19;2040039;Pluv.;154,5;89,4;130,7;104,7;66,7;43,3;70;62,6;99,1;121,8;187;198,3;1328,2;442,3;302,2;175,9;407,9
Viana- Fazenda Jucuruaba;ES;-20,42;-40,49;80;2040001;Pluv.;151,4;94,8;137,4;105,3;81,5;60,6;63,2;65,2;69,9;104,1;197,9;190,4;1321,7;436,6;324,1;189;371,9
Vila Velha- Ponta da Fruta;ES;-20,52;-40,36;3;2040022;Pluv.;111,4;78,5;118,3;100,8;82,7;60,3;68,5;57,4;63,2;91;156,3;162,1;1150,5;352;301,9;186,1;310,5
Vitória- Pluviômetro;ES;-20,3;-40,32;36;2040035;Pluv.;140,7;87,4;123,7;113,9;90,8;63;65;65;67,8;117,8;195,3;198,8;1329;426,8;328,3;193;380,8
